{
    "path": [
        "Acknowledged Pawn",
        "Properties",
        "BlueprintCreatedComponents",
        "StaticMeshComponent Hold_Map"
    ],
    "state": {
        "hand": 1,
        "location_offset": {
            "x": 26.379680633544922,
            "y": 11.343293190002441,
            "z": 12.675718307495117
        },
        "permanent": true,
        "rotation_offset": {
            "w": 0.9990928769111633,
            "x": -0.023118745535612106,
            "y": 0.03559134155511856,
            "z": 0.003483835142105818
        }
    },
    "type": "motion_controller"
}