{
    "path": [
        "Acknowledged Pawn",
        "Properties",
        "BlueprintCreatedComponents",
        "StaticMeshComponent Clarry"
    ],
    "state": {
        "hand": 1,
        "location_offset": {
            "x": -5.065317153930664,
            "y": -28.35900115966797,
            "z": -0.052074432373046875
        },
        "permanent": true,
        "rotation_offset": {
            "w": 0.737289309501648,
            "x": 0.6665192246437073,
            "y": -0.0928296446800232,
            "z": -0.05949567258358002
        }
    },
    "type": "motion_controller"
}