{
    "path": [
        "Acknowledged Pawn",
        "Properties",
        "BlueprintCreatedComponents",
        "StaticMeshComponent Painting_2"
    ],
    "state": {
        "hand": 1,
        "location_offset": {
            "x": -95.09060668945313,
            "y": 48.79100799560547,
            "z": -2.22216796875
        },
        "permanent": true,
        "rotation_offset": {
            "w": -0.6548015475273132,
            "x": 0.030988894402980804,
            "y": 0.7550285458564758,
            "z": -0.014369258657097816
        }
    },
    "type": "motion_controller"
}