{
    "path": [
        "Acknowledged Pawn",
        "Properties",
        "BlueprintCreatedComponents",
        "StaticMeshComponent Gary"
    ],
    "state": {
        "hand": 1,
        "location_offset": {
            "x": -21.99223518371582,
            "y": 43.76799774169922,
            "z": -77.81500244140625
        },
        "permanent": true,
        "rotation_offset": {
            "w": -0.3437857925891876,
            "x": 0.6475261449813843,
            "y": 0.6391868591308594,
            "z": -0.23229554295539856
        }
    },
    "type": "motion_controller"
}